;TWI;TWI;Exchange rates (quoted per NZ$);Exchange rates (quoted per NZ$);Exchange rates (quoted per NZ$);Exchange rates (quoted per NZ$);Exchange rates (quoted per NZ$);Exchange rates (quoted per NZ$);Exchange rates (quoted per NZ$);Exchange rates (quoted per NZ$);Exchange rates (quoted per NZ$);Exchange rates (quoted per NZ$);Exchange rates (quoted per NZ$);Exchange rates (quoted per NZ$);Exchange rates (quoted per NZ$);Exchange rates (quoted per NZ$);Exchange rates (quoted per NZ$);Exchange rates (quoted per NZ$);Exchange rates (quoted per NZ$);Historical TWI
;Nominal;Real;United States dollar;UK pound sterling;Australian dollar;Japanese yen;European euro;Canadian dollar;South Korean won;Chinese renminbi;Malaysian ringgit;Hong Kong dollar;Indonesian rupiah;Thai baht;Singapore dollar;New Taiwan dollar;Indian rupee;Philippine peso;Vietnamese dong;Base June 1979=100
Notes;;;;;;;;;;;;;;;;;;;;
Unit;Index;Index;NZD/USD;NZD/GBP;NZD/AUD;NZD/JPY;NZD/EUR;NZD/CAD;NZD/KRW;NZD/CNY;NZD/MYR;NZD/HKD;NZD/IDR;NZD/THB;NZD/SGD;NZD/TWD;NZD/INR;NZD/PHP;NZD/VND;Index
Series Id;EXRT.MS41.NZB17;EXRT.MR41.NZB17;EXR.MS11.D06;EXR.MS11.D04;EXR.MS11.D01;EXR.MS11.D05;EXR.MS11.D03;EXR.MS11.D02;EXR.MS11.D12;EXR.MS11.D11;EXR.MS11.D14;EXR.MS11.D08;EXR.MS11.D13;EXR.MS11.D15;EXR.MS11.D09;EXR.MS11.D16;EXR.MS11.D31;EXR.MS11.D32;EXR.MS11.D33;EXRT.MS41.N
31/01/1999;61,54;60,69;0,53914;0,32672;0,85229;60,97226;0,46476;0,81902;632,39699;4,46310;2,04928;4,17675;4.602,73082;19,79565;0,90601;17,37837;22,90628;20,67034;7.484,64530;56,91527
28/02/1999;62,57;61,78;0,54439;0,33407;0,84977;63,39539;0,48506;0,81507;646,10900;4,50654;2,06823;4,21813;4.763,05650;20,19132;0,92506;17,68515;23,12106;21,12972;7.556,71918;58,17216
31/03/1999;62,07;61,37;0,53213;0,32832;0,84402;63,63347;0,48863;0,80732;653,63609;4,40514;2,02180;4,12372;4.743,84000;19,94670;0,91990;17,62433;22,58306;20,69800;7.396,59631;57,76384
30/04/1999;62,99;62,26;0,54173;0,33677;0,84577;64,82187;0,50582;0,80691;654,09333;4,48458;2,05842;4,19780;4.679,80389;20,38792;0,92780;17,82304;23,15115;20,71677;7.530,86131;58,90200
31/05/1999;63,81;63,16;0,55279;0,34218;0,83578;67,37929;0,51980;0,80745;661,51000;4,57602;2,10057;4,28552;4.395,77667;20,45570;0,94652;18,10754;23,64839;20,90275;7.689,58463;60,05230
30/06/1999;61,67;61,11;0,53271;0,33379;0,81211;64,32328;0,51290;0,78289;621,99619;4,40988;2,02397;4,13274;3.914,08810;19,67181;0,91091;17,29034;22,98841;20,18245;7.414,97173;58,22028
31/07/1999;60,92;60,36;0,52674;0,33466;0,80086;63,11124;0,50896;0,78256;625,49227;4,36041;2,00163;4,08738;3.563,30500;19,54192;0,89286;17,00056;22,80140;20,17019;7.345,45141;57,55262
31/08/1999;60,62;60,01;0,52711;0,32812;0,81649;59,81311;0,49687;0,78685;631,22409;4,36352;2,00285;4,09249;3.931,44000;20,04338;0,88483;16,86307;22,90535;20,75417;7.356,82325;56,74642
30/09/1999;59,67;59,01;0,52245;0,32206;0,80532;56,05068;0,49783;0,77218;626,78182;4,32477;1,98496;4,05725;4.314,61727;20,88921;0,88614;16,58891;22,73900;21,02952;7.302,13994;55,65727
31/10/1999;58,31;57,62;0,51484;0,31054;0,78950;54,60325;0,48050;0,76015;620,28000;4,26194;1,95609;4,00034;3.873,18850;20,30909;0,86277;16,33283;22,37789;20,75353;7.209,01715;54,31800
30/11/1999;58,46;57,76;0,51243;0,31574;0,80140;53,68091;0,49514;0,75181;602,52455;4,24198;1,94694;3,98146;3.585,93318;19,85988;0,85590;16,24915;22,23221;20,71011;7.180,26488;54,64727
31/12/1999;57,95;57,25;0,50854;0,31528;0,79428;52,17905;0,50243;0,74921;577,82857;4,20973;1,93212;3,95292;3.630,45476;19,44710;0,85172;16,05308;22,10012;20,64371;7.129,81311;54,30238
31/01/2000;58,22;57,52;0,51379;0,31298;0,78107;54,15237;0,50624;0,74443;581,13184;4,25398;1,95239;3,99702;3.747,21816;19,21554;0,86202;15,86705;22,37018;20,83130;7.214,73892;54,76632
29/02/2000;56,96;56,24;0,49141;0,30656;0,78122;53,74429;0,49916;0,71248;554,94000;4,06793;1,86704;3,82418;3.653,62952;18,55388;0,83664;15,10660;21,42791;19,97414;6.907,97754;53,63143
31/03/2000;57,31;56,60;0,49084;0,31043;0,80425;52,36543;0,50874;0,71677;547,80130;4,06325;1,86491;3,82063;3.665,01565;18,60494;0,84173;15,05413;21,39292;20,11884;6.901,74739;53,92261
30/04/2000;58,34;57,77;0,49689;0,31364;0,83098;52,33029;0,52363;0,72809;551,75294;4,11332;1,88788;3,86983;3.858,22529;18,86936;0,84980;15,12598;21,67944;20,47835;6.987,17599;54,86059
31/05/2000;56,63;56,15;0,47124;0,31183;0,81428;50,98783;0,51960;0,70404;527,62087;3,90098;1,79042;3,67130;3.927,97087;18,34433;0,81455;14,47138;20,72409;19,73088;6.632,84829;53,35087
30/06/2000;55,64;55,11;0,46992;0,31124;0,79077;49,87357;0,49508;0,69420;525,19762;3,89004;1,78540;3,66250;4.050,14190;18,36429;0,81195;14,45240;20,99757;20,06686;6.618,54545;52,19524
31/07/2000;55,00;54,46;0,46089;0,30539;0,78359;49,70024;0,49003;0,68107;513,79667;3,81534;1,75111;3,59284;4.220,02857;18,54940;0,80224;14,24725;20,63078;20,49179;6.493,95223;51,55000
31/08/2000;53,71;53,23;0,44640;0,29932;0,76769;48,29543;0,49247;0,66179;497,44391;3,69533;1,69603;3,48203;3.766,13696;18,24209;0,76786;13,85868;20,39582;20,04694;6.296,20937;50,55261
30/09/2000;51,33;50,87;0,41878;0,29215;0,75464;44,69143;0,48046;0,62100;467,40381;3,46670;1,59110;3,26612;3.613,15905;17,55389;0,72835;13,04270;19,20800;19,17657;5.929,48732;48,28571
31/10/2000;50,10;49,82;0,40121;0,27624;0,75780;43,47310;0,46901;0,60645;453,50762;3,32125;1,52434;3,12838;3.586,78857;17,34638;0,70284;12,74281;18,59621;19,40246;5.795,92835;46,93095
30/11/2000;50,20;50,01;0,39878;0,27955;0,76376;43,43227;0,46667;0,61505;461,10000;3,30118;1,51511;3,11029;3.728,51136;17,45310;0,69687;12,92166;18,65256;19,84656;5.771,85344;46,87773
31/12/2000;53,26;53,10;0,42843;0,29318;0,78530;47,96842;0,47851;0,65325;518,81105;3,54625;1,62824;3,34133;4.103,52421;18,50214;0,74353;14,16787;20,02199;21,41105;6.227,12717;49,58316
31/01/2001;55,02;54,78;0,44453;0,30079;0,80003;51,94381;0,47368;0,66796;565,77595;3,68033;1,68940;3,46780;4.210,24048;19,16985;0,77247;14,49677;20,67607;22,57509;6.471,89848;51,09333
28/02/2001;54,48;54,09;0,43510;0,29958;0,81427;50,59263;0,47258;0,66211;544,53000;3,60134;1,65334;3,39346;4.185,65000;18,55605;0,75837;14,04968;20,23938;20,97559;6.343,71125;50,60316
31/03/2001;53,91;53,44;0,41991;0,29043;0,83089;50,84114;0,46099;0,65352;541,87000;3,47582;1,59560;3,27503;4.285,15545;18,45777;0,74441;13,67710;19,57017;20,37041;6.120,71166;49,85409
30/04/2001;52,86;52,40;0,40662;0,28343;0,81280;50,38694;0,45533;0,63450;539,85222;3,36563;1,54506;3,17121;4.511,17000;18,48523;0,73673;13,38044;19,00095;20,43287;5.939,37903;48,83056
31/05/2001;54,30;53,86;0,42208;0,29565;0,81066;51,45696;0,48156;0,65023;547,82913;3,49365;1,60391;3,29199;4.766,78478;19,20727;0,76550;14,00633;19,80113;21,30972;6.173,15669;50,39826
30/06/2001;53,70;53,37;0,41476;0,29597;0,79994;50,72175;0,48575;0,63259;536,65200;3,43274;1,57597;3,23460;4.689,00600;18,76361;0,75340;14,22386;19,49122;21,41838;6.137,17104;49,95700
31/07/2001;53,23;52,99;0,40868;0,28890;0,80137;50,87045;0,47516;0,62499;531,62045;3,38325;1,55326;3,18820;4.445,77727;18,64574;0,74513;14,20051;19,26117;21,76759;6.097,64311;49,42409
31/08/2001;54,90;54,73;0,43058;0,29973;0,82109;52,35413;0,47817;0,66230;552,20652;3,56386;1,63620;3,35834;3.869,02000;19,33066;0,75783;14,89869;20,28887;22,31670;6.459,91455;50,97913
30/09/2001;53,71;53,57;0,41980;0,28686;0,82796;49,86250;0,46050;0,65698;542,33400;3,47471;1,59522;3,27435;3.897,05250;18,61602;0,73428;14,51394;19,99012;21,52597;6.304,51660;49,57450
31/10/2001;53,39;53,35;0,41407;0,28498;0,82104;50,19568;0,45671;0,65025;538,83182;3,42764;1,57373;3,23002;4.173,51409;18,52211;0,74912;14,30028;19,87951;21,43739;6.230,39564;49,22773
30/11/2001;53,60;53,62;0,41627;0,28965;0,80565;50,92250;0,46865;0,66353;532,81227;3,44561;1,58186;3,24686;4.393,93545;18,47915;0,76136;14,33714;19,97824;21,63849;6.275,86980;49,63045
31/12/2001;53,81;53,90;0,41574;0,28858;0,80799;52,80211;0,46547;0,65571;535,13842;3,44094;1,57979;3,24224;4.269,56316;18,25678;0,76368;14,38061;19,90847;21,49569;6.274,23836;49,88789
31/01/2002;55,42;55,46;0,42461;0,29627;0,82123;56,35381;0,48035;0,67953;558,54500;3,51505;1,61387;3,31221;4.417,92310;18,69390;0,78100;14,85200;20,51481;21,80539;6.413,89425;51,48238
28/02/2002;54,92;54,98;0,41883;0,29430;0,81631;55,94158;0,48137;0,66823;551,83368;3,46678;1,59164;3,26667;4.281,70526;18,35228;0,76671;14,68517;20,37787;21,48402;6.336,90865;51,11053
31/03/2002;56,08;56,18;0,43180;0,30346;0,82366;56,61100;0,49253;0,68506;569,91850;3,57615;1,64021;3,36612;4.276,84050;18,72972;0,78948;15,09455;21,03371;22,04009;6.546,65812;52,21450
30/04/2002;57,04;57,19;0,44272;0,30700;0,82670;57,97775;0,50003;0,70052;583,23800;3,66845;1,68230;3,45300;4.201,18300;19,22710;0,80949;15,43634;21,64513;22,55549;6.736,14402;53,16550
31/05/2002;58,13;58,42;0,46010;0,31511;0,83773;58,19913;0,50212;0,71334;579,77435;3,81103;1,74838;3,58853;4.193,13913;19,69012;0,82810;15,82600;22,52947;22,94263;7.012,77076;54,18565
30/06/2002;60,61;61,03;0,48974;0,33031;0,86074;60,45158;0,51284;0,74997;597,87526;4,05772;1,86103;3,81986;4.269,86526;20,60489;0,87286;16,56923;23,96247;24,69396;7.476,05565;56,48368
31/07/2002;59,07;59,51;0,48155;0,30961;0,86863;56,85000;0,48485;0,74266;570,87217;3,99010;1,82991;3,75616;4.322,35739;19,85042;0,84400;16,00286;23,47141;24,37973;7.368,89935;54,65826
31/08/2002;57,53;57,92;0,46375;0,30168;0,85677;55,22136;0,47444;0,72806;554,81545;3,84279;1,76230;3,61732;4.138,45864;19,55413;0,81393;15,69087;22,51982;24,03073;7.107,93167;53,17227
30/09/2002;58,28;58,70;0,46992;0,30218;0,85870;56,73905;0,47933;0,73933;568,60381;3,89351;1,78570;3,66542;4.208,72524;20,12891;0,83034;16,21769;22,75098;24,51118;7.206,60130;53,84952
31/10/2002;59,89;60,39;0,48061;0,30858;0,87439;59,55318;0,48969;0,75934;595,78455;3,98145;1,82625;3,74855;4.388,23773;20,97571;0,85793;16,77390;23,23355;25,44393;7.379,45958;55,30591
30/11/2002;61,15;61,68;0,49683;0,31603;0,88514;60,37452;0,49596;0,78065;601,69762;4,11633;1,88805;3,87491;4.504,13905;21,51345;0,87661;17,19887;23,96523;26,49522;7.638,31591;56,45952
31/12/2002;62,53;63,12;0,50951;0,32141;0,90506;62,19600;0,50051;0,79444;614,83950;4,22327;1,93677;3,97479;4.547,78500;22,05489;0,89356;17,70922;24,50871;27,24640;7.843,37965;57,69300
31/01/2003;64,99;65,50;0,54094;0,33446;0,92667;64,21000;0,50893;0,83304;636,08929;4,48104;2,05500;4,21795;4.807,65524;23,10620;0,93826;18,66351;25,91506;28,99346;8.340,44982;59,89000
28/02/2003;66,21;66,62;0,55338;0,34396;0,93113;66,11447;0,51377;0,83757;659,95842;4,58782;2,10422;4,31878;4.925,84526;23,75875;0,96662;19,21861;26,38160;29,95732;8.539,61675;60,99368
31/03/2003;66,13;66,41;0,55410;0,35004;0,92034;65,75619;0,51325;0,81778;685,81238;4,59233;2,10582;4,32181;4.945,00571;23,70660;0,97229;19,21206;26,37869;30,21240;8.555,94352;60,89524
30/04/2003;65,60;65,88;0,55087;0,35010;0,90531;66,00368;0,50784;0,80401;679,63789;4,56467;2,09337;4,29649;4.857,10053;23,62437;0,97869;19,19407;26,08439;29,05056;8.516,52422;60,50053
31/05/2003;66,50;66,80;0,57616;0,35533;0,89067;67,60659;0,49860;0,79758;692,52773;4,77277;2,18957;4,49350;4.852,54864;24,28783;0,99942;19,96183;27,10832;30,24393;8.911,46774;61,37227
30/06/2003;66,43;66,72;0,58088;0,34978;0,87410;68,69725;0,49762;0,78548;693,42250;4,80944;2,20764;4,53013;4.775,62350;24,19053;1,00717;20,08836;27,08576;31,00303;8.995,14540;61,44450
31/07/2003;67,42;67,68;0,58603;0,36061;0,88539;69,51717;0,51489;0,80735;692,54739;4,85500;2,22741;4,57103;4.883,90043;24,48392;1,02827;20,13297;27,06689;31,49352;9.088,33075;62,51000
31/08/2003;67,54;67,78;0,58228;0,36515;0,89373;69,18024;0,52187;0,81339;686,62238;4,82387;2,21339;4,54293;4.955,23667;24,23988;1,02080;19,97141;26,73834;32,02363;9.035,08862;62,65238
30/09/2003;66,98;67,20;0,58385;0,36272;0,88313;67,20545;0,52020;0,79720;680,32045;4,83145;2,21835;4,54388;4.932,51227;23,62145;1,01923;19,82039;26,74654;32,09767;9.070,15177;62,17182
31/10/2003;67,16;67,46;0,60105;0,35868;0,86764;65,87159;0,51357;0,79624;702,46182;4,97822;2,28407;4,65215;5.067,97636;23,86106;1,04178;20,32065;27,26538;33,03135;9.359,44017;62,16136
30/11/2003;69,60;69,92;0,62774;0,37171;0,87733;68,53575;0,53675;0,82452;745,56150;5,20189;2,38576;4,87315;5.337,82500;25,05986;1,08481;21,34105;28,57727;34,77725;9.816,60943;64,49300
31/12/2003;70,46;70,77;0,64656;0,36988;0,87581;69,74452;0,52711;0,84886;770,76190;5,35181;2,45778;5,02008;5.487,10381;25,68957;1,10583;21,99229;29,45234;35,84226;10.111,65323;65,07333
31/01/2004;71,87;72,11;0,67236;0,36896;0,87285;71,54575;0,53319;0,87090;795,11675;5,56836;2,55645;5,22159;5.636,73500;26,28025;1,14086;22,59424;30,52963;37,33753;10.535,28675;66,38400
29/02/2004;73,63;73,82;0,69159;0,37029;0,88914;73,67974;0,54729;0,91824;806,91579;5,72776;2,62936;5,37674;5.831,38263;27,03136;1,16611;22,93403;31,28197;38,80627;10.876,22779;68,02579
31/03/2004;71,64;71,76;0,66135;0,36162;0,88114;71,89674;0,53884;0,87903;770,96565;5,47702;2,51426;5,15337;5.673,96043;26,08719;1,12395;21,97124;29,71845;37,24574;10.417,29140;66,25696
30/04/2004;69,77;69,93;0,64194;0,35564;0,86215;68,94475;0,53495;0,86005;740,40500;5,31653;2,44119;5,00502;5.537,66400;25,32793;1,08202;21,14228;28,16713;35,90659;10.093,39999;64,66550
31/05/2004;68,45;68,63;0,61558;0,34453;0,87308;68,99738;0,51273;0,84820;724,47810;5,09756;2,33918;4,79951;5.543,24524;24,93955;1,05300;20,55210;27,78810;34,35608;9.690,87166;63,12810
30/06/2004;69,83;69,99;0,62934;0,34396;0,90580;68,80833;0,51845;0,85596;729,11143;5,21115;2,39159;4,90760;5.911,01143;25,68359;1,07867;21,10506;28,62666;35,24411;9.899,54376;64,15000
31/07/2004;71,01;71,23;0,64655;0,35075;0,90305;70,67409;0,52685;0,85485;749,49864;5,35345;2,45688;5,04303;5.841,47182;26,46072;1,10675;21,83682;29,73766;36,17521;10.171,87064;65,35091
31/08/2004;72,25;72,52;0,65424;0,35943;0,92091;72,18568;0,53698;0,85932;757,76955;5,41673;2,48590;5,10239;6.051,42591;27,14459;1,12142;22,25086;30,28601;36,52977;10.310,65204;66,50091
30/09/2004;72,89;73,19;0,65878;0,36738;0,93840;72,49364;0,53923;0,85006;757,06818;5,45441;2,50329;5,13758;6.053,63864;27,31134;1,11663;22,33484;30,32145;37,03832;10.379,01563;67,09500
31/10/2004;74,31;74,63;0,68245;0,37816;0,93258;74,46700;0,54707;0,85330;779,63650;5,65038;2,59328;5,31570;6.208,52500;28,19402;1,14460;23,07721;31,21338;38,44983;10.752,80515;68,52200
30/11/2004;73,94;74,34;0,69934;0,37639;0,90843;73,29318;0,53866;0,83704;760,12409;5,79055;2,65747;5,43752;6.303,25045;28,17259;1,15412;22,92215;31,50038;39,36442;11.022,03398;68,30545
31/12/2004;74,91;75,48;0,71415;0,37018;0,93154;74,17548;0,53366;0,86874;751,97762;5,91336;2,71378;5,55299;6.583,90619;28,01008;1,17200;23,03044;31,32020;40,10859;11.266,78811;69,01143
31/01/2005;74,08;74,70;0,70402;0,37504;0,92096;72,69895;0,53754;0,86252;731,33789;5,82757;2,67443;5,48688;6.469,01658;27,24853;1,15238;22,45181;30,75164;39,17166;11.112,66882;68,49789
28/02/2005;74,91;75,42;0,71425;0,37870;0,91438;74,94525;0,54907;0,88477;731,24350;5,91385;2,71417;5,57053;6.607,06850;27,46431;1,16969;22,51851;31,16265;39,11532;11.283,61556;69,50700
31/03/2005;76,22;76,67;0,73064;0,38289;0,92952;76,79714;0,55295;0,88902;737,00095;6,05005;2,77643;5,69847;6.849,33857;28,16100;1,19107;22,71965;31,87285;39,74324;11.552,07278;70,70143
30/04/2005;75,90;76,38;0,71854;0,37939;0,93071;77,16175;0,55554;0,88722;726,45450;5,94931;2,73040;5,60333;6.858,16250;28,40769;1,18659;22,64023;31,39594;39,12048;11.372,18161;70,44500
31/05/2005;76,27;76,92;0,71910;0,38714;0,93818;76,63545;0,56608;0,90304;721,00455;5,95372;2,73258;5,60134;6.816,25091;28,63826;1,18759;22,50762;31,26829;39,05878;11.391,23180;70,91773
30/06/2005;75,99;76,82;0,70854;0,38950;0,92424;77,01143;0,58278;0,87971;718,25190;5,86613;2,69247;5,50919;6.822,68857;29,01250;1,18570;22,23445;30,85542;39,15023;11.238,95550;71,00524
31/07/2005;73,80;74,64;0,67935;0,38762;0,90291;76,01690;0,56409;0,83171;705,34571;5,58745;2,57855;5,28197;6.661,47000;28,32302;1,14260;21,66895;29,55042;38,04611;10.780,11612;69,00238
31/08/2005;74,68;75,62;0,69498;0,38769;0,91256;76,93978;0,56535;0,83823;710,10913;5,63281;2,61707;5,40075;6.912,45043;28,58648;1,15541;22,30303;30,28955;38,89740;11.031,36574;69,82609
30/09/2005;75,17;76,05;0,69948;0,38673;0,91438;77,67545;0,57080;0,82502;720,65273;5,65573;2,63476;5,43105;7.127,18864;28,70357;1,17597;23,03373;30,69008;39,27154;11.109,44637;70,27227
31/10/2005;75,91;76,80;0,69784;0,39554;0,92445;80,02925;0,57993;0,82079;729,97700;5,64079;2,62400;5,41277;7.037,93700;28,54384;1,17996;23,35646;31,24274;38,80219;11.097,92518;71,12350
30/11/2005;76,10;77,14;0,68994;0,39720;0,93714;81,62182;0,58448;0,81541;718,43773;5,57713;2,60455;5,34988;6.920,63636;28,36569;1,17157;23,17528;31,49397;37,58657;10.971,33858;71,45500
31/12/2005;76,42;77,49;0,69612;0,39856;0,93684;82,68225;0,58729;0,80871;712,72050;5,62294;2,63077;5,39730;6.859,60500;28,60647;1,16564;23,19390;31,74932;37,24330;11.072,17474;71,91900
31/01/2006;74,36;75,22;0,68777;0,38906;0,91664;79,34325;0,56694;0,79621;675,48875;5,54940;2,58777;5,33380;6.493,36775;27,15716;1,12177;22,03032;30,38495;36,08216;10.944,68210;70,09250
28/02/2006;73,30;74,14;0,67309;0,38492;0,90762;79,35526;0,56320;0,77341;653,94579;5,42140;2,51308;5,22296;6.228,28737;26,49859;1,09657;21,78200;29,78193;34,82094;10.717,53060;69,32526
31/03/2006;69,47;70,33;0,63642;0,36467;0,87407;74,60565;0,52935;0,73510;620,95739;5,11487;2,35328;4,93829;5.828,05043;24,80054;1,03178;20,68442;28,23458;32,55396;10.127,82706;65,61565
30/04/2006;67,16;68,08;0,62039;0,35149;0,84456;72,64471;0,50571;0,71117;591,36471;4,97330;2,27184;4,81205;5.536,43588;23,57762;0,99333;20,05804;27,80573;31,86107;9.883,83123;63,46059
31/05/2006;66,65;67,72;0,63144;0,33839;0,82736;70,65435;0,49497;0,70128;594,87609;5,06340;2,28239;4,89630;5.692,17652;23,97724;0,99562;20,07108;28,57429;32,90872;10.083,03232;62,73957
30/06/2006;66,38;67,65;0,61901;0,33591;0,83709;70,99429;0,48924;0,68939;591,74381;4,95721;2,26883;4,80589;5.806,23286;23,75113;0,98533;20,12541;28,42497;32,91036;9.894,23894;62,32333
31/07/2006;65,88;67,25;0,61684;0,33454;0,82146;71,38095;0,48600;0,69597;586,95048;4,92989;2,26269;4,79497;5.642,26429;23,42717;0,97688;20,13848;28,60346;32,23574;9.867,99293;61,96714
31/08/2006;67,14;68,54;0,63292;0,33462;0,82958;73,31739;0,49427;0,70900;608,79304;5,04796;2,32536;4,92187;5.753,89043;23,79648;0,99726;20,74221;29,40599;32,45511;10.133,39460;63,14739
30/09/2006;69,69;71,21;0,65472;0,34689;0,86550;76,67881;0,51398;0,73038;624,04143;5,19557;2,40230;5,09535;5.989,58286;24,51808;1,03455;21,54610;30,12199;32,93529;10.497,01181;65,65048
31/10/2006;70,62;72,12;0,66039;0,35231;0,87759;78,34929;0,52340;0,74497;629,92810;5,22044;2,42892;5,14127;6.054,45286;24,64330;1,04212;21,93359;29,96071;32,99783;10.606,04165;66,62857
30/11/2006;70,52;71,83;0,66893;0,35018;0,86614;78,48864;0,51967;0,75952;626,25909;5,26140;2,43702;5,20560;6.112,29409;24,42863;1,04078;21,96404;29,92372;33,32411;10.760,35100;66,59773
31/12/2006;72,07;73,12;0,69176;0,35233;0,88054;81,01079;0,52373;0,79686;640,32684;5,41224;2,45675;5,37725;6.287,43105;24,69846;1,06571;22,49484;30,77229;34,18997;11.114,88208;68,03842
31/01/2007;72,90;74,00;0,69529;0,35501;0,88832;83,74667;0,53534;0,81764;652,20762;5,41648;2,43881;5,42433;6.308,49571;24,50338;1,06951;22,81195;30,73534;33,98406;11.164,03636;69,07524
28/02/2007;72,57;73,69;0,69392;0,35425;0,88648;83,65132;0,53027;0,81224;650,21895;5,38347;2,42565;5,42037;6.289,33316;23,52562;1,06428;22,87611;30,54083;33,47264;11.097,99699;68,81000
31/03/2007;72,42;73,57;0,69821;0,35850;0,88150;81,90750;0,52714;0,81645;658,53227;5,40271;2,43795;5,45517;6.403,08955;22,92684;1,06469;23,05450;30,56682;33,76633;11.179,96115;68,57727
30/04/2007;75,10;76,35;0,73473;0,36969;0,88805;87,35444;0,54404;0,83489;684,35500;5,67658;2,52659;5,74141;6.684,81167;23,89922;1,11324;24,34685;30,83672;35,06771;11.782,97453;71,26833
31/05/2007;74,91;76,17;0,73255;0,36919;0,88852;88,43348;0,54191;0,80358;679,69522;5,62444;2,49332;5,72826;6.481,16000;24,13083;1,11558;24,38428;29,72546;34,24677;11.762,04541;71,27652
30/06/2007;77,07;78,38;0,75587;0,38064;0,89802;92,66450;0,56343;0,80565;701,65300;5,76897;2,60447;5,90653;6.790,28750;24,51219;1,16180;24,93182;30,69129;34,91684;12.179,91017;73,59050
31/07/2007;78,92;80,16;0,78582;0,38645;0,90653;95,57591;0,57291;0,82606;721,85636;5,95395;2,70319;6,14435;7.121,30955;24,06477;1,19181;25,77748;31,65025;35,74535;12.677,23614;75,41636
31/08/2007;73,84;74,95;0,72845;0,36218;0,87664;85,16174;0,53471;0,77171;680,09522;5,51740;2,53586;5,69410;6.819,13217;23,04644;1,10885;24,00702;29,60386;33,59112;11.807,98928;70,18000
30/09/2007;71,99;73,07;0,71713;0,35540;0,84922;82,48075;0,51621;0,73763;667,17600;5,39568;2,49294;5,58207;6.678,78350;23,13590;1,08484;23,68650;28,79735;32,98884;11.612,84026;68,32800
31/10/2007;74,63;75,72;0,76057;0,37224;0,84644;88,17295;0,53480;0,74363;696,22455;5,70701;2,56945;5,89922;6.922,83091;24,03135;1,11603;24,77036;29,93983;33,57361;12.225,79953;71,20000
30/11/2007;74,06;75,01;0,76237;0,36809;0,84991;84,68727;0,51970;0,73618;698,47318;5,66279;2,55697;5,92883;7.046,10500;25,68865;1,10374;24,65894;29,97703;32,79854;12.241,79034;70,25682
31/12/2007;75,43;76,41;0,76857;0,38009;0,88114;86,26132;0,52757;0,77101;714,94789;5,66879;2,56459;5,99291;7.183,01632;25,91544;1,11398;24,89897;30,27836;31,90706;12.323,78729;71,57842
31/01/2008;75,00;75,88;0,77180;0,39207;0,87577;83,17238;0,52445;0,78079;727,58762;5,59066;2,52296;6,02427;7.259,31000;25,61757;1,10488;24,97411;30,30609;31,40364;12.333,62193;71,23857
29/02/2008;76,44;77,08;0,79676;0,40571;0,87326;85,43100;0,54017;0,79707;752,49800;5,71183;2,56993;6,21257;7.320,83000;25,99032;1,12465;25,22982;31,63093;32,30380;12.708,68342;72,96450
31/03/2008;75,50;76,05;0,80270;0,40072;0,86688;81,06368;0,51763;0,80155;784,13263;5,68361;2,55798;6,24633;7.353,14421;25,25910;1,11156;24,56956;32,31580;33,12058;12.778,72435;71,57632
30/04/2008;74,16;74,71;0,79002;0,39885;0,85004;80,94405;0,50123;0,80073;778,58190;5,53060;2,50080;6,15485;7.269,76952;24,94461;1,07861;23,98427;31,55978;33,01330;12.732,20929;70,30952
31/05/2008;73,07;73,59;0,77688;0,39512;0,81885;80,99545;0,49919;0,77730;802,33182;5,41858;2,49556;6,05847;7.201,96000;24,89415;1,06111;23,75784;32,64891;33,33971;12.564,47679;69,32045
30/06/2008;71,76;72,20;0,76069;0,38697;0,79975;81,31550;0,48881;0,77317;784,37250;5,24917;2,47760;5,93922;7.065,45950;25,24445;1,04077;23,10034;32,54318;33,74707;12.577,96960;68,10750
31/07/2008;70,77;71,37;0,75534;0,37976;0,78483;80,66457;0,47908;0,76527;769,43609;5,16489;2,45557;5,89153;6.921,65652;25,29838;1,02663;22,95658;32,30290;33,86739;12.694,33522;67,17913
31/08/2008;68,99;69,99;0,71020;0,37525;0,80310;77,61619;0,47388;0,74695;739,81524;4,86620;2,35933;5,54496;6.494,77476;24,01463;0,99595;22,13728;30,48548;31,94710;11.799,22565;65,51810
30/09/2008;67,54;68,66;0,67480;0,37491;0,82240;71,99205;0,46890;0,71412;761,87091;4,61335;2,32145;5,25620;6.297,71455;23,13378;0,96398;21,55379;30,69623;31,53379;11.210,99031;63,81909
31/10/2008;65,04;66,21;0,61369;0,36043;0,88087;61,99409;0,45867;0,71501;803,53000;4,19483;2,15528;4,76249;6.056,22500;21,08947;0,90381;20,00540;29,68462;29,40404;10.242,50352;60,74409
30/11/2008;61,71;62,93;0,56511;0,36863;0,86001;54,80375;0,44420;0,68816;784,18600;3,85900;2,02485;4,38010;6.494,51600;19,81308;0,85045;18,68786;27,56472;27,73611;9.572,53534;57,40550
31/12/2008;59,73;61,03;0,55690;0,37345;0,83204;50,85452;0,41458;0,68706;764,84048;3,81740;1,98254;4,31631;6.283,04048;19,54292;0,82483;18,45560;27,01176;26,69433;9.506,07539;55,11000
31/01/2009;59,21;60,46;0,55262;0,38155;0,81543;49,96050;0,41605;0,67576;748,71650;3,77775;1,97242;4,28638;6.127,46100;19,29038;0,82309;18,44031;26,91154;26,01439;9.658,98518;54,85400
28/02/2009;56,56;57,75;0,51507;0,35756;0,79383;47,64211;0,40216;0,64024;739,33000;3,52099;1,87026;3,99366;6.078,08211;18,17543;0,78107;17,62159;25,36264;24,49210;9.004,74870;52,30947
31/03/2009;58,26;59,60;0,53084;0,37388;0,79791;51,84591;0,40666;0,67046;772,23364;3,62902;1,95128;4,11575;6.283,51364;18,99352;0,81196;18,23967;27,10883;25,65247;9.326,36151;53,84182
30/04/2009;60,90;62,40;0,57094;0,38822;0,80062;56,42425;0,43231;0,70090;764,12600;3,90038;2,06180;4,42492;6.307,22300;20,23783;0,85927;19,23332;28,53226;27,44936;10.152,60441;56,86650
31/05/2009;61,69;63,28;0,59895;0,38907;0,78552;57,91667;0,43943;0,69140;752,23905;4,08695;2,11197;4,64259;6.216,06762;20,76938;0,87640;19,68670;28,99973;28,35187;10.648,94892;57,95143
30/06/2009;64,23;65,94;0,63735;0,38942;0,79530;61,62548;0,45495;0,71761;804,27952;4,35571;2,24246;4,94010;6.488,17429;21,75464;0,92637;20,88560;30,40360;30,47206;11.336,43217;60,31619
31/07/2009;64,66;66,60;0,64367;0,39321;0,80110;60,81630;0,45733;0,72483;813,15391;4,39742;2,28258;4,98858;6.506,94826;21,92031;0,93343;21,17304;31,11977;30,94061;11.460,76125;60,59391
31/08/2009;66,87;69,02;0,67544;0,40820;0,80893;64,13881;0,47357;0,73432;836,27381;4,61500;2,37582;5,23510;6.726,07381;22,98167;0,97418;22,19361;32,57372;32,57426;12.032,08109;62,85286
30/09/2009;68,49;70,76;0,70243;0,43036;0,81663;64,29159;0,48265;0,76020;854,70591;4,79648;2,45533;5,44415;6.929,04409;23,76814;1,00080;22,89291;33,92189;33,75199;12.524,88158;64,31727
31/10/2009;70,39;72,61;0,73826;0,45659;0,81566;66,58310;0,49860;0,77789;865,33333;5,03829;2,51483;5,72162;7.001,52238;24,66282;1,03235;23,82791;34,42730;34,60566;13.204,72361;66,47714
30/11/2009;69,09;70,99;0,73089;0,43999;0,79434;65,25881;0,49005;0,77450;850,76095;4,98716;2,47772;5,66451;6.907,60905;24,33027;1,01528;23,63487;33,99843;34,37524;13.126,26915;65,23810
31/12/2009;68,33;70,00;0,71623;0,44070;0,79288;64,14762;0,49015;0,75639;834,07810;4,88763;2,44219;5,55258;6.768,98952;23,78795;0,99928;23,11627;33,32956;33,19425;13.247,87715;64,66143
31/01/2010;69,35;70,91;0,72769;0,45004;0,79585;66,37684;0,50919;0,75813;827,44526;4,96801;2,45439;5,64874;6.739,32684;24,03233;1,01599;23,20074;33,35750;33,46689;13.443,23459;66,12579
28/02/2010;67,55;69,04;0,69740;0,44550;0,78682;62,92775;0,50936;0,73704;806,11600;4,76271;2,38242;5,41716;6.511,11300;23,12142;0,98509;22,36651;32,27326;32,29137;13.053,89344;64,60200
31/03/2010;67,59;69,08;0,70324;0,46695;0,77123;63,65804;0,51780;0,72044;800,13870;4,80059;2,33996;5,45803;6.453,06957;22,87804;0,98456;22,39882;31,95904;32,14331;13.312,10407;65,09478
30/04/2010;68,13;69,51;0,71235;0,46439;0,76850;66,51825;0,53041;0,71565;795,16700;4,86240;2,28325;5,52967;6.431,15150;22,99974;0,98408;22,42158;31,66441;31,76039;13.538,25772;66,14100
31/05/2010;68,81;70,15;0,69920;0,47611;0,80191;64,35833;0,55570;0,72718;811,84952;4,77378;2,27149;5,44299;6.402,44571;22,64684;0,97408;22,25595;32,02905;31,90645;13.279,24783;67,02286
30/06/2010;68,84;70,17;0,69279;0,46958;0,81050;62,95810;0,56647;0,71863;841,26333;4,72520;2,26128;5,39483;6.331,51238;22,48473;0,96774;22,30332;32,20077;32,04687;13.154,83838;67,08952
31/07/2010;69,39;70,76;0,71113;0,46573;0,81340;62,31250;0,55721;0,74277;858,25909;4,81919;2,28086;5,52991;6.432,87409;22,98766;0,97997;22,85807;33,28584;32,89858;13.580,20624;67,20500
31/08/2010;68,73;70,21;0,71543;0,45662;0,79443;61,17045;0,55413;0,74335;843,75364;4,85475;2,25727;5,55880;6.415,55364;22,74712;0,96985;22,81899;33,30353;32,31952;13.803,77615;66,61364
30/09/2010;68,69;70,39;0,72593;0,46668;0,77655;61,28295;0,55658;0,75138;844,87364;4,89807;2,25665;5,63749;6.522,22136;22,39570;0,96989;23,03243;33,32204;32,06551;14.146,28550;66,77091
31/10/2010;68,91;70,92;0,75010;0,47337;0,76473;61,48275;0,54042;0,76371;842,32900;5,00309;2,32395;5,81955;6.696,38950;22,47966;0,97859;23,14594;33,26748;32,51935;14.621,04900;66,73750
30/11/2010;70,90;73,26;0,77273;0,48363;0,78046;63,68682;0,56459;0,78234;872,16864;5,14126;2,40473;5,99223;6.905,58091;23,08496;1,00257;23,44942;34,74515;33,64508;15.063,90975;68,90364
31/12/2010;69,37;71,90;0,75040;0,48074;0,75729;62,56857;0,56793;0,75732;860,53381;4,99180;2,35133;5,83291;6.770,17143;22,59380;0,98146;22,49460;33,81904;32,94559;14.630,02287;67,78571
31/01/2011;70,27;72,81;0,76529;0,48473;0,76920;63,29158;0,57317;0,76030;856,20316;5,04986;2,34225;5,95405;6.916,43368;23,39518;0,98482;22,29306;34,78206;33,86083;14.920,22744;68,73789
28/02/2011;69,45;71,86;0,76228;0,47281;0,75649;62,97925;0,55833;0,75398;852,13750;5,01470;2,32244;5,93810;6.806,28800;23,41807;0,97303;22,30185;34,58544;33,26690;15.487,45221;67,76050
31/03/2011;67,12;69,33;0,74076;0,45819;0,73326;60,40543;0,52899;0,72353;830,65870;4,86393;2,24940;5,77235;6.491,93870;22,49650;0,93982;21,86066;33,26289;32,20083;15.457,67684;65,21391
30/04/2011;69,93;72,19;0,78589;0,48102;0,74500;65,56553;0,54465;0,75355;853,07632;5,13416;2,36911;6,10934;6.803,77632;23,64413;0,98155;22,82656;34,84108;33,93465;16.371,29564;68,15789
31/05/2011;70,35;72,68;0,79585;0,48677;0,74468;64,60114;0,55496;0,76966;862,70455;5,16975;2,39757;6,18706;6.811,23273;24,05894;0,98527;22,87245;35,74649;34,31988;16.427,32275;68,67818
30/06/2011;72,17;74,60;0,81504;0,50234;0,76857;65,63214;0,56661;0,79641;881,33381;5,27782;2,46867;6,34577;6.979,80476;24,87386;1,00637;23,48196;36,55063;35,34810;16.788,12498;70,34286
31/07/2011;74,29;76,77;0,84547;0,52385;0,78515;67,17381;0,59117;0,80820;894,96190;5,46105;2,53327;6,58504;7.214,03429;25,45702;1,02938;24,36971;37,54459;36,11894;17.406,35318;72,73333
31/08/2011;73,92;76,31;0,83839;0,51233;0,79775;64,66696;0,58488;0,82201;900,04739;5,37144;2,50111;6,53697;7.146,38957;25,05287;1,01381;24,28228;38,01387;35,56692;17.403,04078;72,05957
30/09/2011;73,10;75,33;0,81428;0,51545;0,79431;62,58750;0,59075;0,81367;906,99136;5,20227;2,49940;6,34701;7.091,76955;24,74249;1,01623;24,12798;38,77331;35,06825;16.966,43437;71,24227
31/10/2011;71,40;73,36;0,78791;0,50068;0,77993;60,39175;0,57542;0,80563;909,92350;5,02001;2,47377;6,12876;6.981,60950;24,33138;1,00723;23,87207;38,76013;34,12922;16.466,92855;69,29200
30/11/2011;70,11;71,83;0,77283;0,48844;0,76348;59,94841;0,56915;0,79117;875,47136;4,91181;2,43376;6,01357;6.944,25818;23,91124;0,99498;23,34519;39,17592;33,45948;16.235,25707;68,19909
31/12/2011;70,22;71,83;0,76966;0,49355;0,76034;59,91525;0,58385;0,78805;883,23200;4,89018;2,43300;5,98564;6.969,62500;23,96999;0,99672;23,29424;40,31199;33,60871;16.172,48462;68,58400
31/01/2012;72,40;73,99;0,80066;0,51620;0,76910;61,62100;0,62084;0,81141;914,52250;5,05892;2,49427;6,21539;7.249,78600;25,26243;1,02385;24,02590;40,73710;34,83755;16.789,55299;71,22900
29/02/2012;74,33;75,97;0,83429;0,52805;0,77796;65,47275;0,63051;0,83235;937,33150;5,25682;2,52375;6,46953;7.509,10950;25,63337;1,04636;24,65351;41,01984;35,58526;17.418,61221;73,33900
31/03/2012;73,83;75,40;0,82076;0,51860;0,77792;67,69295;0,62120;0,81499;924,13409;5,18162;2,49717;6,37066;7.498,54682;25,19143;1,03289;24,22441;41,32546;35,21606;17.108,72713;72,99136
30/04/2012;74,00;75,54;0,81902;0,51168;0,79075;66,66361;0,62165;0,81363;930,06833;5,16398;2,50795;6,35748;7.506,55000;25,27368;1,02468;24,13899;42,34558;34,91178;17.066,10949;73,00167
31/05/2012;71,15;72,67;0,77622;0,48684;0,77663;61,92261;0,60534;0,78272;897,04043;4,90787;2,40103;6,02631;7.173,72348;24,26859;0,97882;22,85597;42,16489;33,28970;16.191,29379;70,03609
30/06/2012;72,04;73,63;0,78007;0,50139;0,78131;61,91850;0,62165;0,80116;908,66250;4,96456;2,47987;6,05278;7.339,02250;24,67191;0,99680;23,33494;43,66352;33,27528;16.332,93525;70,84750
31/07/2012;73,09;74,71;0,79818;0,51180;0,77571;63,10318;0,64873;0,80977;912,24455;5,08487;2,52905;6,19084;7.529,85773;25,24854;1,00692;23,92072;44,19218;33,42750;16.658,91207;72,30591
31/08/2012;73,57;75,00;0,80983;0,51557;0,77332;63,72043;0,65354;0,80473;916,90043;5,15073;2,52463;6,28107;7.684,29000;25,45159;1,01087;24,26233;44,94751;34,07938;16.895,10071;72,85174
30/09/2012;73,79;75,03;0,81737;0,50764;0,78668;63,89700;0,63573;0,80012;919,28450;5,16927;2,51903;6,33815;7.807,13800;25,33596;1,00713;24,14514;44,50653;34,08923;17.052,05346;72,78250
31/10/2012;73,97;75,03;0,81977;0,50991;0,79666;64,69864;0,63247;0,80841;907,78591;5,13752;2,50429;6,35475;7.863,13682;25,16455;1,00417;23,99202;43,48410;33,94179;17.100,77028;73,11773
30/11/2012;73,87;74,79;0,81920;0,51298;0,78745;66,29523;0,63823;0,81685;891,07773;5,10696;2,50513;6,34930;7.878,85818;25,15651;1,00206;23,85836;44,90464;33,64386;17.081,71706;73,37909
31/12/2012;74,80;75,55;0,83179;0,51550;0,79430;69,54184;0,63457;0,82313;895,53947;5,18459;2,54004;6,44664;8.011,30158;25,48388;1,01510;24,17199;45,45568;34,11675;17.339,52729;74,31526
31/01/2013;75,45;76,12;0,83746;0,52467;0,79695;74,62905;0,63008;0,83035;892,63571;5,21048;2,54317;6,49282;8.082,25381;25,17488;1,02840;24,35104;45,40427;34,08621;17.454,86343;75,25762
28/02/2013;76,46;77,06;0,83891;0,54178;0,81353;78,11579;0,62821;0,84584;912,70757;5,22901;2,59976;6,50604;8.123,02386;25,01648;1,03906;24,86361;45,20266;34,12941;17.501,97869;76,24842
31/03/2013;75,90;76,58;0,82783;0,54917;0,80130;78,49330;0,63854;0,84867;911,67593;5,14604;2,57377;6,42309;8.034,68114;24,45972;1,03201;24,61271;45,06401;33,72016;17.339,21543;76,14000
30/04/2013;77,58;78,23;0,84727;0,55369;0,81582;82,88975;0,65070;0,86292;950,93096;5,24282;2,58393;6,57746;8.238,12847;24,63054;1,04913;25,29186;46,03640;34,89040;17.704,17650;78,03000
31/05/2013;76,75;77,35;0,82665;0,54017;0,83252;83,34326;0,63662;0,84262;918,41214;5,07770;2,49487;6,41612;8.062,54261;24,57268;1,03135;24,60224;45,46960;34,18304;17.325,70898;77,29522
30/06/2013;74,43;74,91;0,79078;0,50990;0,83795;76,96553;0,59874;0,81516;897,31319;4,85084;2,48577;6,13684;7.803,68108;24,36862;0,99636;23,67332;46,25476;33,99970;16.633,81723;73,99632
31/07/2013;75,17;75,67;0,78843;0,51908;0,85940;78,59978;0,60242;0,82079;888,52879;4,83667;2,51424;6,11566;7.929,84268;24,51617;0,99921;23,61467;47,14675;34,18568;16.730,14981;74,78739
31/08/2013;75,70;76,30;0,79223;0,51149;0,87701;77,48705;0,59468;0,82337;884,94754;4,85010;2,59565;6,14425;8.319,79250;24,99380;1,00804;23,73115;49,77626;34,78183;16.734,19311;74,74682
30/09/2013;77,05;77,66;0,81251;0,51273;0,87590;80,62667;0,60867;0,84197;881,65515;4,97276;2,64287;6,30053;9.181,54259;25,76096;1,02618;24,10334;51,80660;35,49418;17.166,93978;76,21905
31/10/2013;78,09;78,62;0,83492;0,51875;0,87839;81,70682;0,61262;0,86488;891,21916;5,09803;2,65602;6,47403;9.496,40547;26,05672;1,03891;24,55093;51,45055;36,02522;17.625,20898;77,23318
30/11/2013;77,95;78,27;0,82653;0,51345;0,88554;82,59286;0,61240;0,86605;878,28991;5,03627;2,64132;6,40765;9.569,18876;26,12738;1,03089;24,40021;51,70529;36,01272;17.441,87761;77,20333
31/12/2013;78,52;78,68;0,82284;0,50256;0,91496;85,06175;0,60074;0,87540;869,10608;5,00008;2,67079;6,37992;9.927,51529;26,58687;1,03518;24,43880;50,88367;36,35246;17.371,62410;77,50000
31/01/2014;79,58;79,62;0,82823;0,50291;0,93469;86,03952;0,60799;0,90585;883,47853;5,01163;2,73546;6,42504;10.067,34847;27,27725;1,05418;24,96049;51,42828;37,31495;17.463,17259;78,39810
28/02/2014;79,29;79,30;0,82874;0,50033;0,92387;84,68553;0,60671;0,91621;888,07879;5,03703;2,74379;6,42980;9.890,32271;27,03735;1,04938;25,12284;51,53484;37,13928;17.485,56043;77,95895
31/03/2014;81,26;81,26;0,85167;0,51248;0,93951;87,11690;0,61602;0,94627;912,32712;5,25496;2,79540;6,61052;9.733,15169;27,57212;1,08002;25,89646;51,91873;38,14985;17.969,60614;79,68048
30/04/2014;81,62;81,53;0,86201;0,51526;0,92534;88,41763;0,62450;0,94757;901,08257;5,36326;2,80682;6,68436;9.838,19328;27,86274;1,08195;26,04664;52,00699;38,46997;18.184,63681;80,19947
31/05/2014;81,44;81,27;0,86093;0,51100;0,92547;87,68182;0,62641;0,93805;883,11748;5,37141;2,78268;6,67431;9.927,35211;27,99534;1,07757;25,95025;51,06717;37,78761;18.187,28169;80,08727
30/06/2014;81,50;81,31;0,86211;0,50988;0,92040;88,01200;0,63416;0,93389;878,99197;5,37313;2,77521;6,68289;10.255,55851;28,01422;1,07862;25,86951;51,54243;37,76489;18.327,09830;80,31000
31/07/2014;81,93;81,73;0,86965;0,50907;0,92588;88,43022;0,64178;0,93265;887,14714;5,39223;2,76807;6,74021;10.151,95090;27,93632;1,08092;26,04405;52,22433;37,80611;18.469,52747;80,92826
31/08/2014;79,91;79,76;0,84348;0,50472;0,90643;86,81905;0,63310;0,92158;864,84567;5,19223;2,68164;6,53744;9.873,18080;27,01646;1,05325;25,29263;51,35200;36,94301;17.887,76667;79,24810
30/09/2014;78,49;78,33;0,81664;0,50043;0,90006;87,47727;0,63217;0,89777;843,75469;5,01348;2,62136;6,33060;9.696,61198;26,27786;1,03086;24,57454;49,66375;36,04721;17.316,50341;78,34182
31/10/2014;76,76;76,57;0,78692;0,48930;0,89722;84,92682;0,62037;0,88227;834,97826;4,82146;2,57149;6,10498;9.561,22212;25,53424;1,00273;23,92779;48,29786;35,26743;16.722,79881;76,56955
30/11/2014;77,43;77,19;0,78316;0,49603;0,90511;90,94650;0,62767;0,88678;859,60423;4,79645;2,61744;6,07294;9.524,57674;25,67314;1,01449;24,04792;48,28020;35,20793;16.703,04415;77,69450
31/12/2014;78,24;77,92;0,77642;0,49639;0,93994;92,64286;0,62963;0,89509;857,56950;4,80300;2,69583;6,02061;9.642,82853;25,54071;1,02073;24,32523;48,66371;34,69518;16.594,00346;78,35667
31/01/2015;78,18;77,92;0,76402;0,50451;0,94650;90,37875;0,65790;0,92382;830,97520;4,74970;2,73724;5,92360;9.610,43395;25,00848;1,02157;24,17939;47,47337;34,05953;16.321,39187;78,22900
28/02/2015;77,16;76,74;0,74437;0,48600;0,95547;88,35132;0,65561;0,93147;820,53291;4,65317;2,67997;5,77299;9.494,75358;24,25451;1,00882;23,49980;46,18803;32,91119;15.865,36821;77,20421
31/03/2015;78,27;77,62;0,74729;0,49841;0,96577;89,94341;0,68911;0,94183;831,71021;4,66474;2,74739;5,79809;9.759,60450;24,37399;1,02847;23,50067;46,67551;33,24656;16.017,87657;78,31545
30/04/2015;79,17;78,44;0,75830;0,50796;0,98139;90,69605;0,70363;0,93691;824,77796;4,70329;2,76029;5,87751;9.819,25362;24,65167;1,02469;23,58285;47,48756;33,67037;16.372,30855;79,21632
31/05/2015;76,49;75,73;0,73936;0,47825;0,93676;89,22562;0,66251;0,89944;807,40791;4,58725;2,66182;5,73181;9.709,66315;24,74473;0,98635;22,62727;47,13550;32,98646;16.070,87733;76,48752
30/06/2015;72,97;72,24;0,69899;0,44900;0,90551;86,49738;0,62276;0,86368;777,95013;4,33812;2,61436;5,41912;9.306,41547;23,57628;0,94071;21,60678;44,63873;31,48603;15.243,48842;72,96621
31/07/2015;70,41;69,72;0,66516;0,42751;0,89630;81,99868;0,60460;0,85337;761,80657;4,12961;2,52777;5,15605;8.893,64936;22,81577;0,90519;20,71650;42,32602;30,11820;14.509,95418;70,41460
31/08/2015;70,32;69,68;0,65495;0,42001;0,89764;80,73441;0,58849;0,86122;772,64749;4,15384;2,66130;5,07765;9.027,38027;23,19498;0,91566;21,07637;42,55147;30,27750;14.491,45152;70,31977
30/09/2015;68,77;68,21;0,63340;0,41276;0,89748;76,11820;0,56371;0,83998;751,47532;4,03450;2,72949;4,90896;9.125,67930;22,81827;0,89646;20,67587;41,97617;29,62447;14.241,37284;68,76986
31/10/2015;71,80;71,06;0,66700;0,43527;0,92699;80,05104;0,59364;0,87218;764,96111;4,23671;2,84089;5,16930;9.218,70230;23,84151;0,93494;21,69302;43,42305;30,91706;14.912,75614;71,79599
30/11/2015;71,39;70,45;0,65667;0,43172;0,91873;80,44320;0,61104;0,87084;756,94770;4,18128;2,83379;5,08952;8.976,20166;23,49695;0,92789;21,40057;43,42307;30,88990;14.722,65049;71,38605
31/12/2015;73,23;72,08;0,67368;0,44913;0,92958;82,09383;0,61949;0,92189;790,14633;4,34388;2,88296;5,22164;9.333,83558;24,24387;0,94840;22,08836;44,87790;31,80740;15.159,89196;73,22658
31/01/2016;71,93;70,79;0,65203;0,45292;0,93129;76,96728;0,60019;0,92838;785,00986;4,28595;2,83599;5,07296;9.061,64924;23,58244;0,93478;21,82256;43,91175;30,99467;14.613,84889;71,92830
29/02/2016;72,35;71,18;0,66334;0,46365;0,93000;76,16825;0,59762;0,91618;806,83463;4,34360;2,77068;5,16251;8.970,87713;23,62579;0,93246;22,08175;45,26320;31,59000;14.806,28840;72,34764
31/03/2016;72,19;70,99;0,67329;0,47292;0,90008;76,01157;0,60591;0,89138;799,98385;4,38379;2,74778;5,22602;8.886,01709;23,72538;0,92563;22,05024;45,16215;31,40954;15.012,36269;72,19074
30/04/2016;72,80;71,63;0,68917;0,48207;0,89974;75,59720;0,60757;0,88545;790,61177;4,46386;2,68771;5,34553;9.083,87197;24,18573;0,93063;22,27920;45,81201;31,91238;15.365,29971;72,80321
31/05/2016;72,86;71,70;0,68034;0,46822;0,92893;74,02257;0,60134;0,87942;797,58562;4,44147;2,74836;5,28165;9.118,20416;24,09265;0,93160;22,13659;45,50299;31,85630;15.177,46885;72,85549
30/06/2016;75,23;74,00;0,70336;0,49495;0,95021;74,23604;0,62620;0,90674;821,73759;4,63775;2,86953;5,45932;9.387,29494;24,82916;0,95281;22,76493;47,32516;32,69928;15.706,11228;75,23008
31/07/2016;76,30;75,05;0,71231;0,54145;0,94716;74,08252;0,64403;0,92863;814,35267;4,75710;2,86328;5,52535;9.345,83505;24,97890;0,96247;22,88483;47,88892;33,52433;15.884,07587;76,30140
31/08/2016;76,77;75,52;0,72293;0,55143;0,94810;73,24040;0,64512;0,93965;803,63743;4,80716;2,91245;5,60696;9.516,41166;25,10902;0,97420;22,82426;48,38009;33,73195;16.120,87959;76,77240
30/09/2016;77,84;76,49;0,73090;0,55546;0,96337;74,48194;0,65205;0,95655;810,44557;4,87684;3,00248;5,66917;9.587,88458;25,37929;0,99336;23,01739;48,81258;34,69926;16.302,92048;77,83701
31/10/2016;76,87;75,48;0,71584;0,57909;0,93953;74,26336;0,64845;0,94705;805,41549;4,81180;2,98719;5,55285;9.318,04930;25,08612;0,98956;22,58209;47,75050;34,61503;15.970,46762;76,87070
30/11/2016;77,93;76,50;0,71528;0,57576;0,94883;77,33474;0,66224;0,96147;831,15479;4,88903;3,09458;5,54777;9.505,34935;25,25542;1,00830;22,70236;48,28814;35,16279;16.056,52270;77,92832
31/12/2016;78,12;76,74;0,70484;0,56403;0,95790;81,68818;0,66823;0,93984;833,05466;4,87574;3,14150;5,46875;9.451,13222;25,20796;1,01160;22,52376;47,90660;35,11309;16.008,88081;78,12300
31/01/2017;78,55;77,24;0,71263;0,57762;0,95469;81,83202;0,67001;0,94064;840,11323;4,91251;3,17498;5,52734;9.521,46975;25,26916;1,01766;22,57314;48,54364;35,43858;16.102,57178;78,54882
28/02/2017;78,78;77,57;0,72201;0,57784;0,94279;81,65927;0,67844;0,94629;826,30635;4,96329;3,20878;5,60260;9.630,29814;25,29079;1,02238;22,33443;48,43240;36,09296;16.402,22470;78,78338
31/03/2017;76,54;75,51;0,70091;0,56812;0,91964;79,19776;0,65597;0,93788;795,04079;4,83324;3,11108;5,44311;9.352,49952;24,46478;0,98530;21,49658;46,21791;35,24130;15.976,52848;76,54403
30/04/2017;76,01;74,89;0,69746;0,55248;0,92588;76,87127;0,65096;0,93658;790,73655;4,80663;3,07572;5,42179;9.284,53501;24,04219;0,97553;21,19256;45,04035;34,78093;15.841,99630;76,01040
31/05/2017;75,50;74,35;0,69373;0,53709;0,93339;77,85897;0,62833;0,94398;781,37019;4,77917;2,99450;5,40152;9.243,51309;23,91262;0,96799;20,90009;44,70334;34,59124;15.754,95526;75,49982
30/06/2017;77,92;76,70;0,72254;0,56457;0,95593;80,14128;0,64341;0,96097;816,98156;4,91905;3,09039;5,63439;9.614,48533;24,56330;0,99985;21,86504;46,56368;36,05745;16.410,21814;77,91928
31/07/2017;78,41;77,20;0,73494;0,56563;0,94335;82,63085;0,63825;0,93504;833,07662;4,97852;3,15240;5,73875;9.806,36529;24,80113;1,00813;22,36008;47,38702;37,21710;16.708,28404;78,41104
31/08/2017;77,08;75,86;0,73105;0,56367;0,92330;80,30448;0,61872;0,92183;826,99920;4,87850;3,13160;5,71778;9.754,18842;24,31444;0,99469;22,11373;46,77569;37,23116;16.617,89901;77,08239
30/09/2017;75,85;74,62;0,72464;0,54507;0,90892;80,23456;0,60836;0,89086;820,55208;4,75863;3,05384;5,66185;9.639,01996;24,02034;0,97830;21,82712;46,66347;36,95644;16.469,89910;75,85284
31/10/2017;74,73;73,47;0,70622;0,53471;0,90601;79,69705;0,60037;0,88806;801,25050;4,67901;2,98545;5,51253;9.549,99766;23,48059;0,96019;21,38349;45,97084;36,27182;16.047,21199;74,73174
30/11/2017;73,11;71,71;0,68878;0,52115;0,90340;77,76236;0,58723;0,87935;760,21851;4,56160;2,87429;5,37600;9.318,81015;22,68019;0,93410;20,73918;44,69022;35,12821;15.645,92828;73,11293
31/12/2017;73,48;71,96;0,69527;0,51857;0,91099;78,52426;0,58773;0,88874;755,17124;4,58859;2,83462;5,43228;9.425,17654;22,69609;0,93662;20,84726;44,70835;35,03643;15.791,91538;73,47584
31/01/2018;74,90;73,33;0,72548;0,52521;0,91225;80,51415;0,59485;0,90209;773,90512;4,66865;2,86849;5,67324;9.705,61995;23,15711;0,95892;21,34503;46,16787;36,65799;16.475,78791;74,90469
28/02/2018;75,09;73,54;0,73118;0,52274;0,92768;78,89390;0,59170;0,91845;788,68758;4,62109;2,85791;5,71922;9.934,28944;23,00730;0,96436;21,41461;47,04655;37,89935;16.610,49683;75,09301
31/03/2018;74,72;73,30;0,72568;0,51956;0,93431;76,95495;0,58809;0,93800;777,91869;4,58897;2,83384;5,68942;9.984,61419;22,69434;0,95442;21,19837;47,21358;37,78513;16.527,00466;74,72165
30/04/2018;74,88;73,38;0,72582;0,51494;0,94314;78,03344;0,59070;0,92307;775,14028;4,57068;2,82070;5,69652;10.017,54302;22,70911;0,95439;21,29713;47,61249;37,78287;16.538,50871;74,87774
31/05/2018;73,01;71,45;0,69525;0,51557;0,92389;76,23025;0,58765;0,89428;748,81140;4,42955;2,75504;5,45672;9.770,52224;22,21211;0,93073;20,74932;46,92372;36,29605;15.836,88487;73,01003
30/06/2018;73,50;71,93;0,69409;0,52243;0,92647;76,34961;0,59446;0,91127;759,14403;4,48612;2,77631;5,44653;9.722,71931;22,54101;0,93551;20,86666;47,04740;36,86961;15.857,99110;73,49605
31/07/2018;72,96;71,48;0,67881;0,51543;0,91677;75,62277;0,58084;0,89188;762,35147;4,55824;2,74951;5,32708;9.783,77671;22,58196;0,92550;20,73905;46,65185;36,26678;15.671,34358;72,96193
31/08/2018;72,32;70,91;0,66706;0,51782;0,90997;74,07089;0,57750;0,86967;747,93474;4,56723;2,72975;5,23602;9.715,96531;22,03671;0,91293;20,48953;46,38985;35,55077;15.538,31486;72,31958
30/09/2018;71,79;70,46;0,65948;0,50537;0,91601;73,81528;0,56565;0,86024;738,49883;4,52054;2,73038;5,16922;9.805,29954;21,51552;0,90454;20,26866;47,57219;35,58896;15.370,53730;71,79198
31/10/2018;71,67;70,32;0,65296;0,50163;0,91852;73,68530;0,56812;0,84858;738,73173;4,51818;2,71459;5,11726;9.899,50596;21,38988;0,90040;20,15970;48,02111;35,25934;15.242,67449;71,67359
30/11/2018;74,10;72,75;0,67653;0,52432;0,93413;76,65824;0,59524;0,89292;763,03141;4,69558;2,83185;5,29743;9.942,27847;22,29465;0,93058;20,87206;48,73461;35,74644;15.782,89574;74,10113
31/12/2018;74,73;73,41;0,68287;0,53939;0,95023;76,81563;0,60043;0,91627;766,77404;4,70398;2,84949;5,33962;9.894,13104;22,34766;0,93607;21,04708;48,33236;36,03039;15.905,67738;74,73051
31/01/2019;73,59;72,29;0,67763;0,52537;0,94783;73,75417;0,59326;0,90131;760,36456;4,60101;2,78881;5,31356;9.597,60686;21,54265;0,91897;20,89229;47,95993;35,53138;15.719,98564;73,59007
28/02/2019;74,14;72,71;0,68347;0,52536;0,95702;75,41781;0,60217;0,90281;766,99040;4,60503;2,78697;5,36354;9.588,03474;21,38514;0,92527;21,04445;48,67006;35,65645;15.859,99718;74,13818
31/03/2019;74,24;72,68;0,68317;0,51822;0,96503;75,94709;0,60420;0,91281;772,73887;4,58418;2,78678;5,36235;9.698,63185;21,66834;0,92511;21,07197;47,54931;35,82508;15.850,04593;74,24460
30/04/2019;73,23;71,53;0,67303;0,51618;0,94624;75,11021;0,59882;0,90000;768,10709;4,52073;2,76665;5,28001;9.523,05316;21,41703;0,91238;20,76165;46,70259;35,04691;15.621,82451;73,22804
31/05/2019;72,26;70,57;0,65630;0,51035;0,94447;72,25363;0,58657;0,88299;776,34655;4,49575;2,73650;5,15072;9.438,46484;20,87296;0,89943;20,48594;45,80500;34,29067;15.328,31705;72,25753
30/06/2019;72,51;70,88;0,65969;0,52038;0,95011;71,26497;0,58396;0,87663;774,29119;4,55300;2,74551;5,16313;9.387,39833;20,53063;0,89875;20,65204;45,81416;34,13067;15.400,44425;72,50841
31/07/2019;73,32;71,73;0,66842;0,53542;0,95665;72,32040;0,59545;0,87538;786,39720;4,59684;2,75683;5,22150;9.388,07982;20,58921;0,90947;20,77316;45,97341;34,17464;15.524,26275;73,31974
31/08/2019;71,76;70,23;0,64363;0,52975;0,95027;68,39914;0,57833;0,85396;779,00610;4,54450;2,69476;5,04620;9.166,92580;19,80031;0,89124;20,20491;45,70366;33,54662;14.941,95743;71,75571
30/09/2019;70,78;69,30;0,63415;0,51371;0,93210;68,13932;0,57595;0,84010;758,81200;4,51404;2,65465;4,96935;8.947,20521;19,39012;0,87543;19,73341;45,27853;33,04330;14.714,70054;70,77606
31/10/2019;70,53;68,98;0,63345;0,50233;0,93258;68,48878;0,57344;0,83619;750,66338;4,49776;2,65255;4,96738;8.946,82120;19,23831;0,86876;19,47515;45,01018;32,61123;14.698,34112;70,53269
30/11/2019;70,86;69,27;0,63986;0,49653;0,93707;69,63679;0,57884;0,84688;747,63852;4,49147;2,66089;5,00975;8.994,92968;19,35068;0,87127;19,49385;45,71225;32,46083;14.844,93316;70,86404
31/12/2019;72,73;71,15;0,65852;0,50236;0,95795;71,87650;0,59273;0,86797;774,16664;4,62337;2,73237;5,14162;9.230,18538;19,90074;0,89398;19,96208;46,88079;33,43234;15.260,28092;72,73198
31/01/2020;72,67;71,18;0,66069;0,50553;0,96300;72,22841;0,59515;0,86415;770,41875;4,57169;2,69487;5,13611;9.063,13454;20,10510;0,89257;19,81688;47,09767;33,58888;15.310,08405;72,67442
29/02/2020;71,37;69,85;0,63956;0,49312;0,95903;70,37372;0,58659;0,84938;764,94336;4,47369;2,66157;4,97262;8.784,33105;20,03956;0,88863;19,28971;45,70930;32,46766;14.865,19855;71,36779
31/03/2020;68,77;67,66;0,60485;0,48901;0,97211;65,06093;0,54645;0,84200;737,44036;4,24202;2,59810;4,69737;9.146,20182;19,38053;0,85611;18,24579;44,94374;30,79543;14.114,88498;68,76513
30/04/2020;68,49;67,65;0,59938;0,48296;0,95421;64,60001;0,55141;0,84308;734,38564;4,24237;2,61059;4,64617;9.477,12370;19,57372;0,85401;18,03867;45,66978;30,39564;14.077,85249;68,48593
31/05/2020;68,94;68,14;0,60849;0,49455;0,93471;65,22156;0,55829;0,85057;747,72806;4,32128;2,64098;4,71696;9.041,85447;19,52503;0,86286;18,20179;46,02759;30,76034;14.209,45994;68,93695
30/06/2020;71,60;70,51;0,64461;0,51435;0,93446;69,32547;0,57245;0,87340;778,42851;4,56759;2,75519;4,99596;9.082,88472;20,08530;0,89822;19,12385;48,83620;32,26235;14.971,61823;71,59606
31/07/2020;72,48;71,23;0,65855;0,52028;0,93694;70,31244;0,57488;0,88940;789,01880;4,61613;2,80800;5,10442;9.529,73631;20,69118;0,91377;19,37614;49,38817;32,54895;15.270,70397;72,48165
31/08/2020;71,57;70,36;0,65955;0,50232;0,91675;69,93545;0,55769;0,87349;782,48462;4,57194;2,76280;5,11170;9.665,58804;20,58065;0,90339;19,37420;49,25888;32,17958;15.285,63346;71,57175
30/09/2020;72,01;70,89;0,66720;0,51438;0,92216;70,47120;0,56569;0,88134;785,98223;4,54528;2,76944;5,17091;9.856,56508;20,91505;0,91110;19,48024;49,04051;32,35860;15.465,41982;72,01390
31/10/2020;71,51;70,54;0,66320;0,51118;0,93040;69,81836;0,56373;0,87643;760,66615;4,47080;2,75385;5,13993;9.755,68376;20,73876;0,90184;19,04924;48,72169;32,15813;15.375,49377;71,50957
30/11/2020;72,97;72,13;0,68555;0,51947;0,94369;71,56393;0,57972;0,89730;764,75150;4,53110;2,82011;5,31489;9.750,94402;20,88902;0,92409;19,55764;50,92232;33,07456;15.886,33077;72,96785
31/12/2020;74,27;73,37;0,70855;0,52778;0,94287;73,56173;0,58274;0,90832;775,34795;4,63710;2,87537;5,49272;10.005,83005;21,31954;0,94458;19,99610;52,20042;34,05574;16.386,19139;74,26782
31/01/2021;74,70;73,59;0,71943;0,52752;0,93117;74,62353;0,59100;0,91513;790,95228;4,65557;2,90624;5,57773;10.088,09866;21,58569;0,95383;20,13657;52,59697;34,58205;16.598,83707;74,69912
28/02/2021;75,19;74,24;0,72439;0,52242;0,93390;76,26806;0,59858;0,91958;804,62712;4,67416;2,93082;5,61609;10.154,91102;21,71277;0,96123;20,24463;52,70127;34,94920;16.672,06737;75,19073
31/03/2021;74,85;73,87;0,71440;0,51518;0,92645;77,59438;0,59962;0,89864;808,16289;4,64678;2,93517;5,54690;10.269,48951;21,97879;0,95875;20,17292;52,02298;34,69007;16.472,33440;74,84840
30/04/2021;74,73;73,75;0,71255;0,51483;0,92544;77,65490;0,59539;0,89105;796,34588;4,64567;2,93819;5,53599;10.353,95191;22,34435;0,95064;20,11796;53,08756;34,51965;16.438,42964;74,73260
31/05/2021;75,14;74,25;0,72213;0,51322;0,93050;78,84617;0,59487;0,87613;811,57736;4,64588;2,98082;5,60746;10.331,10727;22,59145;0,96048;20,13718;52,91423;34,60512;16.648,93535;75,13587
30/06/2021;74,31;73,63;0,71133;0,50690;0,93027;78,32160;0,59024;0,86910;798,31106;4,56859;2,94097;5,52105;10.191,52093;22,35877;0,94831;19,74239;52,28519;34,27585;16.360,74491;74,31398
31/07/2021;74,01;73,67;0,69827;0,50572;0,94062;76,98651;0,59063;0,87438;799,56997;4,52118;2,93296;5,42558;10.123,72691;22,79313;0,94615;19,53944;52,04569;34,93602;16.067,61584;74,00555
31/08/2021;74,19;74,35;0,69700;0,50508;0,95498;76,56024;0,59222;0,87805;809,65255;4,51475;2,94263;5,42515;10.028,82326;23,09310;0,94480;19,42634;51,72141;34,99348;15.931,62058;74,19447
30/09/2021;75,00;75,57;0,70576;0,51361;0,96434;77,72575;0,59927;0,89414;826,89174;4,55755;2,94090;5,49091;10.060,14129;23,31700;0,95113;19,55280;51,89715;35,41838;16.065,87365;75,00083
31/10/2021;74,93;75,48;0,70396;0,51461;0,95243;79,60247;0,60694;0,87693;833,26494;4,52621;2,93168;5,47713;9.985,30482;23,57352;0,95139;19,67532;52,76546;35,71770;16.020,62272;74,93183
30/11/2021;75,02;75,51;0,70257;0,52173;0,96034;80,19028;0,61541;0,88172;831,60088;4,48976;2,93471;5,47255;10.017,13523;23,23478;0,95290;19,53820;52,32604;35,37501;15.935,81465;75,01618
31/12/2021;72,92;73,59;0,67845;0,51030;0,94922;77,22470;0,60028;0,86832;802,90276;4,32057;2,85901;5,29125;9.725,37478;22,77186;0,92527;18,83224;51,17459;34,14300;15.546,75708;72,92127
31/01/2022;72,28;73,09;0,67435;0,49702;0,93906;77,43726;0,59553;0,85057;806,21329;4,28557;2,82661;5,25457;9.669,42139;22,39978;0,91075;18,65686;50,18623;34,56251;15.303,57078;72,28402
28/02/2022;71,50;72,37;0,66686;0,49263;0,93156;76,84289;0,58846;0,84839;799,68524;4,23264;2,79216;5,20131;9.569,39343;21,76177;0,89812;18,58285;49,99278;34,18999;15.164,07124;71,50135
31/03/2022;73,75;74,43;0,68594;0,52075;0,93152;81,31478;0,62257;0,86879;837,68261;4,35108;2,88095;5,36556;9.842,15925;22,80371;0,93242;19,49365;52,25697;35,73198;15.679,70943;73,74588
30/04/2022;73,66;74,27;0,67824;0,52339;0,91798;85,41288;0,62619;0,85522;837,40546;4,35450;2,89221;5,31777;9.752,41328;22,89766;0,92606;19,71214;51,60803;35,25116;15.536,52723;73,66027
31/05/2022;71,56;72,16;0,64037;0,51418;0,90850;82,53741;0,60560;0,82297;812,49203;4,28877;2,80575;5,02631;9.336,82442;22,04224;0,88545;18,95580;49,45868;33,53935;14.779,58363;71,55795
30/06/2022;71,31;71,77;0,63521;0,51542;0,90396;85,10075;0,60112;0,81354;811,31101;4,25578;2,79527;4,98521;9.331,49796;22,18840;0,87922;18,81419;49,56317;34,08072;14.749,06170;71,30644
31/07/2022;70,66;71,16;0,61999;0,51665;0,90413;84,78014;0,60825;0,80201;810,79021;4,17371;2,75245;4,86622;9.284,44785;22,54725;0,86496;18,52090;49,34414;34,65254;14.495,51199;70,65515
31/08/2022;71,38;72,06;0,62645;0,52245;0,90039;84,62715;0,61862;0,80883;826,78431;4,26035;2,79824;4,91508;9.298,10238;22,45337;0,86711;18,85752;49,84166;34,97119;14.660,21404;71,38220
30/09/2022;69,70;70,33;0,59521;0,52361;0,88839;85,06134;0,59981;0,79083;828,45339;4,17384;2,70133;4,67189;8.911,55911;22,00770;0,84005;18,56506;47,68084;34,23747;14.051,61930;69,70402
31/10/2022;68,13;;0,56860;0,50353;0,89352;83,55527;0,57785;0,77918;810,71599;4,08002;2,66716;4,46332;8.761,03670;21,57138;0,80996;18,15262;46,78900;33,40937;13.800,00970;68,12741
